clone_id,experiment,plate,well,protein_GFP,protein_mScarlet,filtered_cells,in_validated_1065_set,ddr_protein_GFP,ddr_protein_mScarlet
1,HAP1_cancer,plate1,A01,CBFB,PPP2R1A,3,False,False,True
2,HAP1_cancer,plate1,A02,RFC1,RB1,938,True,True,True
11,HAP1_cancer,plate1,A14,NUP133,CREBBP,317,True,True,True
14,HAP1_cancer,plate1,A17,TCF12,SMC1A,598,True,False,True
16,HAP1_cancer,plate1,A19,MYH9,CHD4,357,False,False,True
21,HAP1_cancer,plate1,B03,CHD4,USP9X,164,False,True,False
25,HAP1_cancer,plate1,B08,CHD3,IDH2,343,True,True,False
29,HAP1_cancer,plate1,B13,TSC1,SMARCA4,201,True,False,True
34,HAP1_cancer,plate1,B19,RPS6KA3,DHX9,8,False,True,False
36,HAP1_cancer,plate1,B21,SMARCB1,PTMA,668,True,True,False
37,HAP1_cancer,plate1,B22,CUL1,CSDE1,1026,False,True,False
38,HAP1_cancer,plate1,B23,JAK1,NUP133,1110,False,False,True
39,HAP1_cancer,plate1,B24,TP53,FLNA,724,False,True,False
51,HAP1_cancer,plate1,C12,SMARCA4,DDX3X,558,False,True,False
53,HAP1_cancer,plate1,C14,SMARCA4,DDX3X,623,False,True,False
58,HAP1_cancer,plate1,C19,DHX9,TBL1XR1,309,True,False,True
59,HAP1_cancer,plate1,C20,KMT2A,FLNA,77,False,True,False
61,HAP1_cancer,plate1,C23,CUL1,EIF1AX,1155,False,True,False
62,HAP1_cancer,plate1,C24,NCOR1,EZH2,576,False,True,True
72,HAP1_cancer,plate1,D13,SPTAN1,SMARCA4,158,False,False,True
73,HAP1_cancer,plate1,D15,CHD4,SMAD4,639,True,True,False
74,HAP1_cancer,plate1,D16,CUL1,NonTargeting,1219,True,True,False
80,HAP1_cancer,plate1,D22,PTCH1,CHD4,274,True,False,True
81,HAP1_cancer,plate1,D23,RAC1,SMARCA4,260,True,False,True
85,HAP1_cancer,plate1,E03,RFC1,FLNA,111,False,True,False
89,HAP1_cancer,plate1,E07,SMARCA4,CUL1,1135,True,True,True
93,HAP1_cancer,plate1,E11,SMARCA4,DDX3X,1066,False,True,False
96,HAP1_cancer,plate1,E14,SMARCA4,HUWE1,1032,True,True,False
97,HAP1_cancer,plate1,E15,STAG2,FUBP1,666,True,True,False
99,HAP1_cancer,plate1,E17,MAX,STAG2,1200,True,False,True
103,HAP1_cancer,plate1,E22,RFC1,MSH2,24,False,True,True
106,HAP1_cancer,plate1,F01,RFC1,RHOA,187,False,True,False
108,HAP1_cancer,plate1,F03,MAX,CUL1,326,False,False,True
112,HAP1_cancer,plate1,F07,CUL1,CSDE1,984,False,True,False
113,HAP1_cancer,plate1,F08,SMARCA4,PTMA,159,False,True,False
114,HAP1_cancer,plate1,F09,EP300,IDH1,706,True,True,False
116,HAP1_cancer,plate1,F12,SMARCA1,CUL1,383,True,False,True
119,HAP1_cancer,plate1,F16,CUL1,RAC1,1263,False,True,False
121,HAP1_cancer,plate1,F18,SMARCA4,CHD4,1209,True,True,True
132,HAP1_cancer,plate1,G05,TCF12,CDKN1B,2,False,False,True
135,HAP1_cancer,plate1,G09,TP53,CUL1,983,False,True,True
137,HAP1_cancer,plate1,G11,NUP93,TBL1XR1,1152,True,True,True
139,HAP1_cancer,plate1,G13,MYH9,CHD4,282,False,False,True
141,HAP1_cancer,plate1,G15,SMARCA4,USP9X,362,False,True,False
143,HAP1_cancer,plate1,G17,JAK1,NUP133,1456,False,False,True
147,HAP1_cancer,plate1,G22,SMARCA4,CSDE1,278,True,True,False
148,HAP1_cancer,plate1,G23,CUL1,CTNND1,1018,True,True,False
149,HAP1_cancer,plate1,G24,MAX,CHD4,120,False,False,True
150,HAP1_cancer,plate1,H01,CUL3,PPP2R1A,500,True,False,True
151,HAP1_cancer,plate1,H02,DIAPH2,TBL1XR1,457,True,False,True
154,HAP1_cancer,plate1,H06,SIN3A,TP53,154,False,False,True
156,HAP1_cancer,plate1,H08,NCOR1,MYH9,196,False,True,False
157,HAP1_cancer,plate1,H09,BRCA1,FLNA,1250,True,True,False
158,HAP1_cancer,plate1,H11,TAF1,CHD4,237,True,False,True
159,HAP1_cancer,plate1,H13,NUP133,FLNA,1378,True,True,False
164,HAP1_cancer,plate1,H18,CUL1,RAC1,1528,True,True,False
170,HAP1_cancer,plate1,I02,CTNND1,MAPK1,289,True,False,True
171,HAP1_cancer,plate1,I03,DMD,RAD21,331,True,False,True
174,HAP1_cancer,plate1,I07,POLE,TBL1XR1,639,True,True,True
177,HAP1_cancer,plate1,I11,CUL1,MAPK1,1670,True,True,True
179,HAP1_cancer,plate1,I13,TCF12,SMARCA4,321,False,False,True
182,HAP1_cancer,plate1,I16,SMARCA4,PHF6,14,False,True,False
184,HAP1_cancer,plate1,I18,STAG2,PTMA,843,False,True,False
186,HAP1_cancer,plate1,I20,CHD4,EEF2,17,False,True,False
194,HAP1_cancer,plate1,J08,TBL1XR1,PTPN11,820,True,True,False
195,HAP1_cancer,plate1,J09,STAG2,PTMA,55,False,True,False
197,HAP1_cancer,plate1,J11,STAG2,USP9X,675,True,True,False
200,HAP1_cancer,plate1,J14,ATF7IP,USP9X,670,True,True,False
201,HAP1_cancer,plate1,J15,MAX,CHD4,332,True,False,True
213,HAP1_cancer,plate1,K03,CUL1,CSDE1,849,False,True,False
215,HAP1_cancer,plate1,K05,CUL1,DAZAP1,849,True,True,False
223,HAP1_cancer,plate1,K15,MACF1,STAG2,1534,True,False,True
224,HAP1_cancer,plate1,K16,CHD4,PTMA,458,True,True,False
227,HAP1_cancer,plate1,K19,NF2,MSH2,791,True,False,True
228,HAP1_cancer,plate1,K20,KDM5C,PPP2R1A,740,False,True,True
233,HAP1_cancer,plate1,L01,KMT2B,DACH1,1193,True,True,False
237,HAP1_cancer,plate1,L05,TBL1XR1,FLNA,294,False,True,False
240,HAP1_cancer,plate1,L08,SMC3,CTNND1,1017,True,True,False
243,HAP1_cancer,plate1,L11,SMARCA4,DDX3X,1043,False,True,False
245,HAP1_cancer,plate1,L13,MSH2,STAG2,84,False,True,True
247,HAP1_cancer,plate1,L15,TP53,FLNA,331,False,True,False
248,HAP1_cancer,plate1,L16,CUL1,CSDE1,786,False,True,False
256,HAP1_cancer,plate1,L24,CUL1,CTCF,920,True,True,False
257,HAP1_cancer,plate1,M01,JAK1,NUP133,1276,False,False,True
264,HAP1_cancer,plate1,M08,CHD4,USP9X,1315,True,True,False
266,HAP1_cancer,plate1,M10,CUL1,STAG2,1351,True,True,True
268,HAP1_cancer,plate1,M12,SMC3,CHD4,191,False,True,True
272,HAP1_cancer,plate1,M17,CUL1,RAC1,1351,False,True,False
273,HAP1_cancer,plate1,M19,MAX,RB1,1164,True,False,True
283,HAP1_cancer,plate1,N05,TCF12,SMARCA4,1331,True,False,True
284,HAP1_cancer,plate1,N06,SMARCA1,SMC1A,13,False,False,True
291,HAP1_cancer,plate1,N13,ERBB3,TBL1XR1,526,True,False,True
292,HAP1_cancer,plate1,N14,CUL1,RHEB,182,False,True,False
294,HAP1_cancer,plate1,N16,PSIP1,PPP2R1A,14,False,False,True
297,HAP1_cancer,plate1,N19,CUL1,CSDE1,234,False,True,False
300,HAP1_cancer,plate1,N22,CHD4,FLNA,732,False,True,False
301,HAP1_cancer,plate1,N23,SMARCB1,USP9X,319,True,True,False
307,HAP1_cancer,plate1,O05,TBL1XR1,FLNA,751,True,True,False
308,HAP1_cancer,plate1,O06,CUL1,RAC1,542,False,True,False
310,HAP1_cancer,plate1,O08,NCOR1,EZH2,1417,True,True,True
312,HAP1_cancer,plate1,O10,KIF1A,STAG2,479,True,False,True
313,HAP1_cancer,plate1,O11,HUWE1,CHD4,265,True,False,True
322,HAP1_cancer,plate1,O23,PRKAR1A,PPP2R1A,1075,False,False,True
325,HAP1_cancer,plate1,P03,CUL1,RAC1,1216,False,True,False
327,HAP1_cancer,plate1,P06,SMARCA4,STAG2,397,True,True,True
328,HAP1_cancer,plate1,P07,DDX3X,ATF7IP,648,True,False,True
330,HAP1_cancer,plate1,P09,CUL1,EIF1AX,1285,False,True,False
335,HAP1_cancer,plate1,P16,SMARCA4,DDX3X,499,False,True,False
338,HAP1_cancer,plate1,P21,TP53,DAZAP1,967,True,True,False
341,HAP1_cancer,plate1,P24,KDM5C,TMSB4X,978,True,True,False
343,HAP1_cancer,plate2,A02,CUL1,RBM10,1384,True,True,False
350,HAP1_cancer,plate2,A11,RFC1,DDX3X,1733,True,True,False
359,HAP1_cancer,plate2,A21,TP53,RBM10,943,True,True,False
363,HAP1_cancer,plate2,B01,USP9X,PPP2R1A,437,False,False,True
364,HAP1_cancer,plate2,B02,RBM10,MSH2,272,False,False,True
365,HAP1_cancer,plate2,B03,MYH9,TBL1XR1,1003,True,False,True
369,HAP1_cancer,plate2,B07,SMARCA4,SF1,376,False,True,False
376,HAP1_cancer,plate2,B15,CUL1,MAPK1,1124,False,True,True
377,HAP1_cancer,plate2,B16,CHD4,CUL3,489,True,True,False
389,HAP1_cancer,plate2,C05,BRCA2,KIF1A,1023,True,True,False
394,HAP1_cancer,plate2,C10,TP53,FUBP1,179,False,True,False
401,HAP1_cancer,plate2,C20,XPO1,GTF2I,526,True,True,False
402,HAP1_cancer,plate2,C22,CUL1,EEF2,72,False,True,False
403,HAP1_cancer,plate2,C23,SMARCA4,PTMA,165,False,True,False
404,HAP1_cancer,plate2,C24,IL7R,RAD21,1046,False,False,True
407,HAP1_cancer,plate2,D03,NCOR1,MYH9,766,False,True,False
408,HAP1_cancer,plate2,D04,CUL1,EIF1AX,1242,False,True,False
414,HAP1_cancer,plate2,D10,RFC1,B2M,876,True,True,False
416,HAP1_cancer,plate2,D12,RFC1,ZMYM3,36,False,True,False
417,HAP1_cancer,plate2,D14,CHD4,FLNA,113,False,True,False
420,HAP1_cancer,plate2,D17,SMARCA4,FLNA,676,True,True,False
421,HAP1_cancer,plate2,D18,XPO1,DDX3X,748,True,True,False
424,HAP1_cancer,plate2,D21,CUL1,MAPK1,1617,False,True,True
427,HAP1_cancer,plate2,D24,CHD4,DHX9,711,True,True,False
430,HAP1_cancer,plate2,E03,CUL1,RAC1,1284,False,True,False
432,HAP1_cancer,plate2,E05,TBL1XR1,TMSB4X,581,True,True,False
435,HAP1_cancer,plate2,E09,EGFR,SMARCA4,884,True,False,True
438,HAP1_cancer,plate2,E13,CHD4,FLNA,12,False,True,False
441,HAP1_cancer,plate2,E16,CUL1,PRKAR1A,81,False,True,False
442,HAP1_cancer,plate2,E17,CHD4,FLNA,352,False,True,False
445,HAP1_cancer,plate2,E20,CUL1,MAPK1,959,False,True,True
449,HAP1_cancer,plate2,F01,THRAP3,CHD4,1551,True,False,True
450,HAP1_cancer,plate2,F02,RBM10,ARID1A,218,True,False,True
457,HAP1_cancer,plate2,F10,MSH2,TMSB4X,480,True,True,False
459,HAP1_cancer,plate2,F12,DIAPH2,RB1,869,True,False,True
460,HAP1_cancer,plate2,F13,NCOR1,MED12,70,False,True,False
462,HAP1_cancer,plate2,F15,NUP93,FLNA,315,False,True,False
464,HAP1_cancer,plate2,F17,MACF1,TP53,264,True,False,True
465,HAP1_cancer,plate2,F18,CBFB,CUL1,23,False,False,True
469,HAP1_cancer,plate2,F22,PPP2R1A,EIF1AX,845,True,True,False
470,HAP1_cancer,plate2,F23,MYH9,SMARCA4,779,False,False,True
472,HAP1_cancer,plate2,G01,SMARCA4,DDX3X,1199,True,True,False
473,HAP1_cancer,plate2,G02,JAK1,CDKN1B,1122,False,False,True
474,HAP1_cancer,plate2,G03,PPP2R1A,GTF2I,74,False,True,False
477,HAP1_cancer,plate2,G06,RFC1,DDX3X,1664,False,True,False
482,HAP1_cancer,plate2,G12,CUL1,RAC1,1293,False,True,False
489,HAP1_cancer,plate2,G20,JAK1,NUP133,1404,False,False,True
497,HAP1_cancer,plate2,H04,NUP93,EEF2,9,False,True,False
498,HAP1_cancer,plate2,H05,JAK1,NUP133,1093,False,False,True
500,HAP1_cancer,plate2,H08,POLE,TBL1XR1,101,False,True,True
501,HAP1_cancer,plate2,H09,PTPRD,PBRM1,684,True,False,True
504,HAP1_cancer,plate2,H12,CHD4,USP9X,965,False,True,False
505,HAP1_cancer,plate2,H13,CTNNB1,SMARCA4,1112,True,False,True
507,HAP1_cancer,plate2,H15,SPTAN1,TP53,453,True,False,True
508,HAP1_cancer,plate2,H18,ARID1A,RHOA,77,False,True,False
512,HAP1_cancer,plate2,H23,PPP2R1A,NPM1,688,True,True,False
517,HAP1_cancer,plate2,I04,RFC1,TP53,1215,False,True,True
518,HAP1_cancer,plate2,I05,MAX,CUL1,1105,True,False,True
522,HAP1_cancer,plate2,I10,STAG2,PTMA,939,True,True,False
525,HAP1_cancer,plate2,I13,NCOR1,TMSB4X,220,False,True,False
529,HAP1_cancer,plate2,I17,MYH9,MAPK1,27,False,False,True
531,HAP1_cancer,plate2,I19,TBL1XR1,FLNA,519,False,True,False
533,HAP1_cancer,plate2,I21,NCOR1,HUWE1,320,False,True,False
535,HAP1_cancer,plate2,I23,EP300,ARID2,345,True,True,True
538,HAP1_cancer,plate2,J02,HUWE1,MSH2,96,False,False,True
539,HAP1_cancer,plate2,J03,NSD2,CHD4,1076,True,True,True
541,HAP1_cancer,plate2,J05,NCOR1,HUWE1,144,False,True,False
542,HAP1_cancer,plate2,J06,STAG2,FLNA,837,False,True,False
545,HAP1_cancer,plate2,J09,TP53,CSDE1,893,True,True,False
551,HAP1_cancer,plate2,J16,NUP93,TBL1XR1,563,False,True,True
553,HAP1_cancer,plate2,J18,PPP2R1A,CHD4,406,True,True,True
557,HAP1_cancer,plate2,J22,PPP2R1A,FLNA,1151,True,True,False
558,HAP1_cancer,plate2,J23,MAX,PPP2R1A,1442,True,False,True
561,HAP1_cancer,plate2,K02,MYH9,MAPK1,984,True,False,True
573,HAP1_cancer,plate2,K14,SMC3,MAPK1,518,False,True,True
579,HAP1_cancer,plate2,K21,KDM5C,RXRA,1213,True,True,False
581,HAP1_cancer,plate2,K23,CUL1,CTNND1,554,False,True,False
585,HAP1_cancer,plate2,L03,TCF12,SMARCA4,751,False,False,True
586,HAP1_cancer,plate2,L04,CREBBP,DDX3X,101,False,True,False
589,HAP1_cancer,plate2,L07,SMARCA4,RB1,1440,True,True,True
591,HAP1_cancer,plate2,L10,TP53,CUL1,1073,True,True,True
593,HAP1_cancer,plate2,L13,RBM10,CHD4,402,True,False,True
594,HAP1_cancer,plate2,L14,CTNNB1,SMARCA4,809,False,False,True
595,HAP1_cancer,plate2,L15,JAK1,CDKN1B,1017,False,False,True
596,HAP1_cancer,plate2,L16,THRAP3,SMARCA4,79,False,False,True
602,HAP1_cancer,plate2,L22,DDX3X,RB1,1266,True,False,True
604,HAP1_cancer,plate2,L24,CHD4,FLNA,106,False,True,False
605,HAP1_cancer,plate2,M01,SMARCA4,FUBP1,340,True,True,False
609,HAP1_cancer,plate2,M05,RBM10,STAG2,680,True,False,True
613,HAP1_cancer,plate2,M09,TCF12,CDKN1B,713,True,False,True
614,HAP1_cancer,plate2,M10,KMT2D,MSH2,812,True,True,True
615,HAP1_cancer,plate2,M11,POLE,RBM10,1165,True,True,False
617,HAP1_cancer,plate2,M13,TP53,FLNA,627,False,True,False
619,HAP1_cancer,plate2,M15,RFC1,PRKAR1A,619,True,True,False
622,HAP1_cancer,plate2,M20,NCOR1,TMSB4X,1618,True,True,False
624,HAP1_cancer,plate2,M22,SPTAN1,PPP2R1A,164,False,False,True
627,HAP1_cancer,plate2,N01,RPL5,CUL1,778,True,False,True
628,HAP1_cancer,plate2,N02,CUL1,RAC1,1200,False,True,False
629,HAP1_cancer,plate2,N03,JAK1,NUP133,29,False,False,True
630,HAP1_cancer,plate2,N04,NCOR1,HUWE1,604,True,True,False
635,HAP1_cancer,plate2,N09,TP53,FLNA,1591,True,True,False
637,HAP1_cancer,plate2,N11,CUL1,IDH2,1044,True,True,False
640,HAP1_cancer,plate2,N14,MAX,ERCC2,2,False,False,True
644,HAP1_cancer,plate2,N18,NCOR1,MYH9,1472,True,True,False
645,HAP1_cancer,plate2,N19,RXRA,ARID1A,729,True,False,True
648,HAP1_cancer,plate2,N22,STAG2,TMSB4X,732,True,True,False
661,HAP1_cancer,plate2,O11,CHD4,CSDE1,511,True,True,False
665,HAP1_cancer,plate2,O15,DICER1,CHD4,1770,True,False,True
667,HAP1_cancer,plate2,O18,CREBBP,RHOA,353,True,True,False
668,HAP1_cancer,plate2,O19,CUL1,MAPK1,1285,False,True,True
669,HAP1_cancer,plate2,O20,CHD4,EEF2,1135,True,True,False
671,HAP1_cancer,plate2,O22,CUL1,CSDE1,218,False,True,False
679,HAP1_cancer,plate2,P08,NCOR1,EZH2,471,False,True,True
684,HAP1_cancer,plate2,P15,JAK1,NUP133,744,False,False,True
685,HAP1_cancer,plate2,P17,CHD4,HUWE1,199,False,True,False
686,HAP1_cancer,plate2,P18,DDX3X,RB1,30,False,False,True
688,HAP1_cancer,plate2,P22,CUL1,PHF6,107,False,True,False
690,HAP1_cancer,plate2,P24,USP9X,RAD21,392,True,False,True
692,HAP1_cancer,plate3,A03,SMARCA4,THRAP3,232,True,True,False
695,HAP1_cancer,plate3,A06,GPS2,SMARCA4,576,True,True,True
701,HAP1_cancer,plate3,A16,CUL1,RAC1,1328,False,True,False
704,HAP1_cancer,plate3,A19,CHD4,RB1,639,True,True,True
705,HAP1_cancer,plate3,A20,CUL1,EIF1AX,1260,False,True,False
706,HAP1_cancer,plate3,A23,RPL5,CUL1,379,False,False,True
707,HAP1_cancer,plate3,A24,TBL1XR1,MAX,714,True,True,False
708,HAP1_cancer,plate3,B01,BRCA1,RFC1,1322,True,True,True
709,HAP1_cancer,plate3,B02,SF3B1,CHD4,616,True,False,True
711,HAP1_cancer,plate3,B04,JAK2,CHD4,112,False,True,True
716,HAP1_cancer,plate3,B09,CUL1,CSDE1,1434,True,True,False
718,HAP1_cancer,plate3,B11,TSC1,TBL1XR1,408,True,False,True
719,HAP1_cancer,plate3,B12,JAK1,NUP133,1093,False,False,True
720,HAP1_cancer,plate3,B13,NUP93,MAP2K1,966,True,True,False
721,HAP1_cancer,plate3,B14,SMARCA4,DDX3X,713,False,True,False
737,HAP1_cancer,plate3,C10,TP53,FLNA,1331,False,True,False
740,HAP1_cancer,plate3,C13,ZMYM3,CHD4,122,False,False,True
745,HAP1_cancer,plate3,C18,RAC1,CUL1,628,True,False,True
748,HAP1_cancer,plate3,C21,RBM10,PPP2R1A,44,False,False,True
752,HAP1_cancer,plate3,D02,PBRM1,FLNA,239,True,True,False
756,HAP1_cancer,plate3,D06,THRAP3,TBL1XR1,880,True,False,True
757,HAP1_cancer,plate3,D07,SMARCB1,USP9X,121,False,True,False
759,HAP1_cancer,plate3,D09,SMARCA1,CUL1,109,False,False,True
761,HAP1_cancer,plate3,D11,XPO1,EEF2,869,True,True,False
762,HAP1_cancer,plate3,D12,MAX,RAD21,600,True,False,True
771,HAP1_cancer,plate3,D21,CUL1,MYH9,544,True,True,False
772,HAP1_cancer,plate3,D23,TP53,HUWE1,781,True,True,False
773,HAP1_cancer,plate3,E01,CHD4,USP9X,698,False,True,False
777,HAP1_cancer,plate3,E05,XPO1,RHEB,566,True,True,False
778,HAP1_cancer,plate3,E06,CUL1,EIF1AX,1636,True,True,False
779,HAP1_cancer,plate3,E07,KDM5C,PPP2R1A,981,True,True,True
794,HAP1_cancer,plate3,E23,KDM5C,NF1,139,False,True,False
796,HAP1_cancer,plate3,F01,FOXA1,STAG2,18,False,False,True
799,HAP1_cancer,plate3,F04,SMARCA4,MAP2K1,1129,False,True,False
801,HAP1_cancer,plate3,F06,MYH9,SMARCA4,79,False,False,True
805,HAP1_cancer,plate3,F13,NUP93,JAK3,62,False,True,False
806,HAP1_cancer,plate3,F14,CREBBP,PRKAR1A,444,True,True,False
815,HAP1_cancer,plate3,F23,TCF12,MSH2,123,False,False,True
818,HAP1_cancer,plate3,G03,NUP93,PPP2R1A,1275,True,True,True
820,HAP1_cancer,plate3,G05,TP53,RHOA,722,True,True,False
823,HAP1_cancer,plate3,G08,CHD4,CHD4,375,True,True,True
825,HAP1_cancer,plate3,G11,NUP93,CHD4,225,True,True,True
827,HAP1_cancer,plate3,G13,RB1,SMAD4,194,False,True,False
829,HAP1_cancer,plate3,G15,STAG2,FLNA,920,False,True,False
834,HAP1_cancer,plate3,G21,CUL1,RAC1,762,False,True,False
836,HAP1_cancer,plate3,G23,CHD4,PHF6,120,False,True,False
839,HAP1_cancer,plate3,H02,CUL1,MAPK1,1104,False,True,True
840,HAP1_cancer,plate3,H03,KMT2D,THRAP3,1557,True,True,False
842,HAP1_cancer,plate3,H05,CHD4,FLNA,701,False,True,False
844,HAP1_cancer,plate3,H07,RARA,STAG2,431,True,False,True
847,HAP1_cancer,plate3,H10,NUP93,FLNA,336,True,True,False
849,HAP1_cancer,plate3,H12,NCOR1,EZH2,1284,False,True,True
850,HAP1_cancer,plate3,H13,CUL1,CSDE1,628,False,True,False
852,HAP1_cancer,plate3,H15,ARID2,RHEB,12,False,True,False
854,HAP1_cancer,plate3,H18,CUL1,RAC1,1280,False,True,False
863,HAP1_cancer,plate3,I03,SF1,MSH2,552,True,False,True
864,HAP1_cancer,plate3,I04,NUP93,HUWE1,620,True,True,False
866,HAP1_cancer,plate3,I06,CTNND1,STAG2,306,True,False,True
868,HAP1_cancer,plate3,I08,CHD4,EIF1AX,711,True,True,False
875,HAP1_cancer,plate3,I16,KDM5C,ZMYM3,1815,True,True,False
877,HAP1_cancer,plate3,I18,CUL1,CSDE1,116,False,True,False
879,HAP1_cancer,plate3,I20,TBL1XR1,MAX,355,False,True,False
882,HAP1_cancer,plate3,I23,CUL1,EIF1AX,811,False,True,False
888,HAP1_cancer,plate3,J06,SMARCA4,MAP2K1,1327,True,True,False
889,HAP1_cancer,plate3,J07,CDK4,HUWE1,112,False,True,False
894,HAP1_cancer,plate3,J12,CTNNB1,SMC3,892,False,False,True
896,HAP1_cancer,plate3,J14,SMARCA4,USP9X,737,True,True,False
904,HAP1_cancer,plate3,J24,THRAP3,CHD4,167,False,False,True
906,HAP1_cancer,plate3,K02,SPTAN1,TP53,311,False,False,True
910,HAP1_cancer,plate3,K06,SF1,CUL1,171,False,False,True
911,HAP1_cancer,plate3,K07,SMARCB1,MAP2K1,894,True,True,False
913,HAP1_cancer,plate3,K09,CHD4,FLNA,382,False,True,False
915,HAP1_cancer,plate3,K11,CUL1,CSDE1,1301,False,True,False
917,HAP1_cancer,plate3,K13,IL7R,RAD21,1463,True,False,True
918,HAP1_cancer,plate3,K14,RFC1,TP53,1298,True,True,True
920,HAP1_cancer,plate3,K16,CUL1,CSDE1,1161,False,True,False
924,HAP1_cancer,plate3,K20,NCOR1,MYH9,15,False,True,False
925,HAP1_cancer,plate3,K21,RFC1,CHD4,1222,True,True,True
927,HAP1_cancer,plate3,K23,CREBBP,DDX3X,1208,True,True,False
930,HAP1_cancer,plate3,L02,CUL1,THRAP3,294,True,True,False
933,HAP1_cancer,plate3,L07,ARID2,RHEB,1256,True,True,False
945,HAP1_cancer,plate3,L19,JAK1,NUP133,1515,True,False,True
947,HAP1_cancer,plate3,L21,SMC1A,CUL1,507,True,True,True
948,HAP1_cancer,plate3,L22,CHD4,FLNA,414,False,True,False
953,HAP1_cancer,plate3,M03,SMARCA4,MAPK1,141,False,True,True
954,HAP1_cancer,plate3,M04,CHD4,THRAP3,1081,True,True,False
956,HAP1_cancer,plate3,M07,IDH1,KMT2A,562,True,False,True
960,HAP1_cancer,plate3,M11,CHD4,TP53,27,False,True,True
961,HAP1_cancer,plate3,M12,JAK1,CDKN1B,1468,True,False,True
964,HAP1_cancer,plate3,M15,PRKAR1A,CHD4,143,False,False,True
965,HAP1_cancer,plate3,M16,SMARCB1,THRAP3,194,False,True,False
970,HAP1_cancer,plate3,M22,CTNNB1,SMC3,1148,True,False,True
973,HAP1_cancer,plate3,N02,JAK1,NUP133,150,False,False,True
975,HAP1_cancer,plate3,N04,CTNNB1,XPO1,16,False,False,True
979,HAP1_cancer,plate3,N09,TP53,FLNA,218,False,True,False
983,HAP1_cancer,plate3,N13,RFC1,RHOA,140,False,True,False
984,HAP1_cancer,plate3,N15,CHD4,FLNA,1322,True,True,False
987,HAP1_cancer,plate3,N18,CUL1,RAC1,438,False,True,False
989,HAP1_cancer,plate3,N20,DHX9,STAG2,988,True,False,True
990,HAP1_cancer,plate3,N21,EEF1A1,TBL1XR1,237,True,False,True
994,HAP1_cancer,plate3,O03,SMARCA4,CUL1,494,False,True,True
995,HAP1_cancer,plate3,O04,ARID1A,PPP2R1A,398,True,True,True
999,HAP1_cancer,plate3,O08,SMARCA4,DDX3X,972,False,True,False
1005,HAP1_cancer,plate3,O15,SIN3A,SMARCA4,669,True,False,True
1009,HAP1_cancer,plate3,O19,NCOR1,TMSB4X,1550,False,True,False
1016,HAP1_cancer,plate3,P02,CBFB,CHD4,256,True,False,True
1020,HAP1_cancer,plate3,P08,TCF12,PPP2R1A,394,True,False,True
1021,HAP1_cancer,plate3,P11,MAX,PPP2R1A,93,False,False,True
1024,HAP1_cancer,plate3,P16,ERCC2,DDX3X,1474,True,True,False
1029,HAP1_cancer,plate3,P22,GPS2,SMARCA4,465,False,True,True
1031,HAP1_cancer,plate3,P24,CUL1,RAC1,850,False,True,False
1032,HAP1_cancer,plate4,A02,MYH9,PPP2R1A,966,False,False,True
1038,HAP1_cancer,plate4,A10,USP9X,CHD3,269,False,False,True
1039,HAP1_cancer,plate4,A11,CBFB,PBRM1,1089,True,False,True
1043,HAP1_cancer,plate4,A15,RBM10,PPP2R1A,29,False,False,True
1044,HAP1_cancer,plate4,A16,CUL3,CHD3,973,True,False,True
1045,HAP1_cancer,plate4,A17,MSH6,PPP2R1A,834,True,True,True
1047,HAP1_cancer,plate4,A19,PPP2R1A,NUP133,1060,False,True,True
1053,HAP1_cancer,plate4,B01,PSIP1,PBRM1,1523,True,False,True
1058,HAP1_cancer,plate4,B06,SMC1A,SPTAN1,281,True,True,False
1060,HAP1_cancer,plate4,B08,RAC1,ARID1A,499,True,False,True
1063,HAP1_cancer,plate4,B11,SMARCA4,PPP2R1A,888,False,True,True
1065,HAP1_cancer,plate4,B13,SF3B1,ATF7IP,82,False,False,True
1072,HAP1_cancer,plate4,B20,DDX3X,PPP2R1A,882,True,False,True
1073,HAP1_cancer,plate4,B21,NUP133,MED12,141,False,True,False
1077,HAP1_cancer,plate4,C01,PSIP1,CHD4,377,True,False,True
1078,HAP1_cancer,plate4,C02,STAG2,PPP2R1A,736,False,True,True
1079,HAP1_cancer,plate4,C04,MAX,PPP2R1A,80,False,False,True
1080,HAP1_cancer,plate4,C05,CHD4,IDH2,33,False,True,False
1082,HAP1_cancer,plate4,C07,CHD4,NUP93,637,True,True,True
1083,HAP1_cancer,plate4,C08,CHD4,FLNA,436,False,True,False
1085,HAP1_cancer,plate4,C10,KIF1A,PPP2R1A,927,False,False,True
1086,HAP1_cancer,plate4,C11,USP9X,TBL1XR1,1065,True,False,True
1087,HAP1_cancer,plate4,C12,DAZAP1,SMARCA4,398,True,False,True
1088,HAP1_cancer,plate4,C13,MYH9,PPP2R1A,405,False,False,True
1089,HAP1_cancer,plate4,C14,SMARCA1,RB1,703,True,False,True
1097,HAP1_cancer,plate4,C22,MYH9,MAP2K4,1479,True,False,True
1098,HAP1_cancer,plate4,C23,EIF1AX,NUP93,11,False,False,True
1101,HAP1_cancer,plate4,D02,STAG2,SPTAN1,288,True,True,False
1102,HAP1_cancer,plate4,D03,H3-3A,PPP2R1A,1399,True,True,True
1104,HAP1_cancer,plate4,D05,DDX3X,RFC1,91,False,False,True
1106,HAP1_cancer,plate4,D07,SF1,PPP2R1A,1520,True,False,True
1110,HAP1_cancer,plate4,D11,PPP2R1A,NUP133,1349,True,True,True
1113,HAP1_cancer,plate4,D14,SMARCA4,BRD4,173,False,True,False
1114,HAP1_cancer,plate4,D15,STAG2,THRAP3,184,False,True,False
1119,HAP1_cancer,plate4,D20,SMARCA4,BRD4,553,False,True,False
1123,HAP1_cancer,plate4,D24,MAPK1,BRD4,258,True,True,False
1130,HAP1_cancer,plate4,E07,FLNA,MAP2K4,1404,True,False,True
1133,HAP1_cancer,plate4,E10,SMARCA4,IDH2,610,False,True,False
1137,HAP1_cancer,plate4,E14,DHX9,MAP2K4,722,True,False,True
1140,HAP1_cancer,plate4,E17,MTOR,PPP2R1A,1408,True,True,True
1145,HAP1_cancer,plate4,E22,PTMA,PPP2R1A,615,True,False,True
1147,HAP1_cancer,plate4,E24,DDX3X,NUP133,818,True,False,True
1150,HAP1_cancer,plate4,F03,SMARCA4,ACVR1B,125,False,True,False
1152,HAP1_cancer,plate4,F05,NPM1,PPP2R1A,704,False,False,True
1155,HAP1_cancer,plate4,F08,STAG2,IDH2,430,True,True,False
1158,HAP1_cancer,plate4,F11,FLNA,PPP2R1A,1826,True,False,True
1160,HAP1_cancer,plate4,F13,FUBP1,SMC1A,70,False,False,True
1164,HAP1_cancer,plate4,F18,PPP2R1A,DAZAP1,1085,True,True,False
1165,HAP1_cancer,plate4,F19,SF3B1,PPP2R1A,737,True,False,True
1166,HAP1_cancer,plate4,F20,FLNA,CHD4,1155,True,False,True
1171,HAP1_cancer,plate4,G01,RBM10,SMARCA4,1228,True,False,True
1172,HAP1_cancer,plate4,G02,RBM10,MAPK1,1309,True,False,True
1176,HAP1_cancer,plate4,G06,SPTAN1,MAP2K4,1003,False,False,True
1180,HAP1_cancer,plate4,G11,FLNA,PPP2R1A,1149,False,False,True
1185,HAP1_cancer,plate4,G18,FLNA,PPP2R1A,8,False,False,True
1186,HAP1_cancer,plate4,G19,CHD4,MAX,491,True,True,False
1188,HAP1_cancer,plate4,G21,MACF1,SMARCA4,1318,True,False,True
1189,HAP1_cancer,plate4,G22,MAPK1,PPP2R1A,1134,True,True,True
1190,HAP1_cancer,plate4,G24,SPTAN1,CHD3,723,True,False,True
1191,HAP1_cancer,plate4,H01,PPP2R1A,EZH2,1165,True,True,True
1194,HAP1_cancer,plate4,H04,SMARCB1,BRD4,17,False,True,False
1196,HAP1_cancer,plate4,H06,CHD4,BRD4,150,False,True,False
1201,HAP1_cancer,plate4,H11,EIF1AX,CHD3,663,True,False,True
1202,HAP1_cancer,plate4,H12,MYH9,PPP2R1A,981,False,False,True
1203,HAP1_cancer,plate4,H13,RBM10,NUP93,698,True,False,True
1206,HAP1_cancer,plate4,H16,KIF1A,NUP133,896,True,False,True
1209,HAP1_cancer,plate4,H19,SMARCA1,CHD3,57,False,False,True
1210,HAP1_cancer,plate4,H20,EIF1AX,NUP93,1317,True,False,True
1211,HAP1_cancer,plate4,H21,XPO1,PPP2R1A,1,False,True,True
1212,HAP1_cancer,plate4,H22,USP9X,ATF7IP,725,True,False,True
1213,HAP1_cancer,plate4,H23,H3-3A,HUWE1,32,False,True,False
1216,HAP1_cancer,plate4,I02,NPM1,PPP2R1A,838,False,False,True
1218,HAP1_cancer,plate4,I04,MYH9,MSH2,367,True,False,True
1223,HAP1_cancer,plate4,I11,RBM10,PPP2R1A,1006,True,False,True
1226,HAP1_cancer,plate4,I14,FLNA,NUP93,1217,True,False,True
1227,HAP1_cancer,plate4,I15,CHD4,FLNA,1035,False,True,False
1228,HAP1_cancer,plate4,I16,PPP2R1A,FLNA,800,False,True,False
1229,HAP1_cancer,plate4,I17,SF1,MAP2K4,1209,True,False,True
1234,HAP1_cancer,plate4,I22,CUL1,ARID1A,177,False,True,True
1236,HAP1_cancer,plate4,I24,MAPK1,CD70,371,True,True,False
1239,HAP1_cancer,plate4,J03,FLNA,PPP2R1A,1462,False,False,True
1242,HAP1_cancer,plate4,J06,RHOA,PPP2R1A,2,False,False,True
1248,HAP1_cancer,plate4,J12,PPP2R1A,SIN3A,1155,True,True,False
1249,HAP1_cancer,plate4,J14,SMARCA4,SMC1A,63,False,True,True
1254,HAP1_cancer,plate4,J19,MTOR,PPP2R1A,637,False,True,True
1255,HAP1_cancer,plate4,J20,RB1,VHL,12,False,True,False
1260,HAP1_cancer,plate4,K01,RBM10,POLQ,1096,True,False,True
1263,HAP1_cancer,plate4,K04,EIF1AX,NUP93,411,False,False,True
1264,HAP1_cancer,plate4,K05,PSIP1,PPP2R1A,455,False,False,True
1265,HAP1_cancer,plate4,K06,MYH9,PPP2R1A,518,False,False,True
1266,HAP1_cancer,plate4,K07,SMARCA4,PPP2R1A,1357,True,True,True
1267,HAP1_cancer,plate4,K08,RAC1,PPP2R1A,2,False,False,True
1271,HAP1_cancer,plate4,K12,MYH9,AKT1,891,True,False,True
1277,HAP1_cancer,plate4,K18,EEF2,PPP2R1A,786,False,False,True
1279,HAP1_cancer,plate4,K20,PPP2R1A,KIF1A,300,True,True,False
1284,HAP1_cancer,plate4,L03,FLNA,PPP2R1A,387,False,False,True
1285,HAP1_cancer,plate4,L04,PPP2R1A,THRAP3,512,True,True,False
1287,HAP1_cancer,plate4,L06,RAC1,CHD3,1085,True,False,True
1290,HAP1_cancer,plate4,L09,XPO1,PBRM1,29,False,True,True
1293,HAP1_cancer,plate4,L12,TP53,SPTAN1,1268,True,True,False
1299,HAP1_cancer,plate4,L18,FLNA,PPP2R1A,965,False,False,True
1306,HAP1_cancer,plate4,M02,NUP133,EIF1AX,1468,True,True,False
1308,HAP1_cancer,plate4,M04,FLNA,PPP2R1A,283,False,False,True
1313,HAP1_cancer,plate4,M10,PRKAR1A,PPP2R1A,1101,True,False,True
1315,HAP1_cancer,plate4,M12,SMARCA4,BRD4,186,False,True,False
1317,HAP1_cancer,plate4,M14,SPTAN1,NUP93,190,False,False,True
1323,HAP1_cancer,plate4,M20,NF1,CHD4,338,True,False,True
1326,HAP1_cancer,plate4,M23,ARID5B,NPM1,401,True,True,False
1327,HAP1_cancer,plate4,M24,CNOT9,NUP93,227,True,False,True
1329,HAP1_cancer,plate4,N02,SMARCA4,PPP2R1A,556,False,True,True
1332,HAP1_cancer,plate4,N05,MYH9,CHD4,545,True,False,True
1333,HAP1_cancer,plate4,N06,FLNA,MTOR,708,True,False,True
1334,HAP1_cancer,plate4,N07,MAP2K1,AKT1,568,True,False,True
1339,HAP1_cancer,plate4,N12,H3-3A,FLNA,472,False,True,False
1340,HAP1_cancer,plate4,N13,NUP93,IDH2,854,True,True,False
1342,HAP1_cancer,plate4,N15,NUP93,SPTAN1,73,False,True,False
1343,HAP1_cancer,plate4,N16,FLNA,PPP2R1A,956,False,False,True
1348,HAP1_cancer,plate4,N21,SF3B1,SMARCA4,75,False,False,True
1351,HAP1_cancer,plate4,P02,NUP133,AKT1,670,True,True,True
1356,HAP1_cancer,plate4,P08,SMARCA4,CREBBP,671,True,True,True
1357,HAP1_cancer,plate4,P10,DHX9,NUP93,463,True,False,True
1358,HAP1_cancer,plate4,P11,ATR,KIF1A,793,True,True,False
1362,HAP1_cancer,plate4,P15,CHD4,SPTAN1,418,False,True,False
1364,HAP1_cancer,plate4,P17,NPM1,PPP2R1A,870,False,False,True
1367,HAP1_cancer,plate4,P21,CSDE1,ARID1A,320,True,False,True
1368,HAP1_cancer,plate4,P22,RPL22,SMARCA4,738,True,False,True
1370,HAP1_cancer,plate4,P24,PPP2R1A,FLNA,490,False,True,False
1371,HAP1_cancer,plate5,A01,CHD4,VHL,23,False,True,False
1376,HAP1_cancer,plate5,A07,XPO1,DAZAP1,269,True,True,False
1378,HAP1_cancer,plate5,A09,CHD4,BRD4,1462,True,True,False
1379,HAP1_cancer,plate5,A10,SMARCA4,GTF2I,1084,True,True,False
1381,HAP1_cancer,plate5,A12,KLF5,CHD4,841,True,False,True
1383,HAP1_cancer,plate5,A14,KIF1A,NUP93,896,True,False,True
1384,HAP1_cancer,plate5,A15,RPL22,CHD4,357,True,False,True
1388,HAP1_cancer,plate5,A20,CHD4,SPTAN1,997,False,True,False
1389,HAP1_cancer,plate5,A21,SMC3,BRD4,574,True,True,False
1391,HAP1_cancer,plate5,A23,KIF1A,NUP93,552,False,False,True
1393,HAP1_cancer,plate5,B02,CHD4,HUWE1,288,True,True,False
1395,HAP1_cancer,plate5,B04,FLNA,PPP2R1A,759,False,False,True
1396,HAP1_cancer,plate5,B05,NPM1,PPP2R1A,483,False,False,True
1397,HAP1_cancer,plate5,B06,SMARCA4,THRAP3,90,False,True,False
1400,HAP1_cancer,plate5,B09,CSDE1,PPP2R1A,1446,True,False,True
1401,HAP1_cancer,plate5,B10,EEF2,PPP2R1A,60,False,False,True
1407,HAP1_cancer,plate5,B16,MYH9,CUL1,23,False,False,True
1409,HAP1_cancer,plate5,B18,SMC3,MAPK1,681,True,True,True
1410,HAP1_cancer,plate5,B19,CUL1,PMS1,704,True,True,False
1411,HAP1_cancer,plate5,B20,FUBP1,SMARCA4,747,True,False,True
1412,HAP1_cancer,plate5,B21,SMARCA4,BRD4,1002,True,True,False
1413,HAP1_cancer,plate5,B22,SPTAN1,NUP93,716,False,False,True
1415,HAP1_cancer,plate5,B24,PHF6,MAPK1,751,True,False,True
1416,HAP1_cancer,plate5,C01,PPP2R1A,BRD4,48,False,True,False
1419,HAP1_cancer,plate5,C05,MSH2,SPTAN1,327,True,True,False
1420,HAP1_cancer,plate5,C06,EEF2,PPP2R1A,527,False,False,True
1426,HAP1_cancer,plate5,C13,USP9X,CHD3,944,True,False,True
1429,HAP1_cancer,plate5,C16,PSIP1,NUP93,754,True,False,True
1432,HAP1_cancer,plate5,C19,EEF2,CHD3,665,True,False,True
1435,HAP1_cancer,plate5,C22,SMARCA1,MAP2K4,1044,True,False,True
1437,HAP1_cancer,plate5,C24,FUBP1,NUP133,648,True,False,True
1438,HAP1_cancer,plate5,D01,STAG2,FLNA,1099,True,True,False
1440,HAP1_cancer,plate5,D03,XPO1,VHL,204,True,True,False
1441,HAP1_cancer,plate5,D04,SF3B1,PBRM1,228,True,False,True
1445,HAP1_cancer,plate5,D08,SPTAN1,SMARCA4,967,True,False,True
1446,HAP1_cancer,plate5,D09,STAG2,PPP2R1A,1504,True,True,True
1448,HAP1_cancer,plate5,D12,NUP93,SMARCA1,164,False,True,False
1450,HAP1_cancer,plate5,D14,NUP93,SIN3A,1136,True,True,False
1451,HAP1_cancer,plate5,D15,SMARCA4,CHD8,369,True,True,False
1453,HAP1_cancer,plate5,D17,XPO1,FUBP1,67,False,True,False
1455,HAP1_cancer,plate5,D19,PSIP1,PPP2R1A,1297,True,False,True
1457,HAP1_cancer,plate5,D21,RB1,CHD3,789,True,True,True
1459,HAP1_cancer,plate5,D23,NUP133,BRD4,201,True,True,False
1463,HAP1_cancer,plate5,E03,PPP2R1A,FLNA,609,False,True,False
1464,HAP1_cancer,plate5,E04,SPTAN1,NUP93,954,True,False,True
1465,HAP1_cancer,plate5,E05,PTMA,RAD21,75,False,False,True
1466,HAP1_cancer,plate5,E06,MSH6,CSDE1,572,True,True,False
1468,HAP1_cancer,plate5,E08,ARID1A,MAP2K4,656,True,True,True
1469,HAP1_cancer,plate5,E09,MAX,PPP2R1A,903,False,False,True
1470,HAP1_cancer,plate5,E10,NUP93,FUBP1,1097,True,True,False
1471,HAP1_cancer,plate5,E11,SPTAN1,PPP2R1A,533,False,False,True
1472,HAP1_cancer,plate5,E13,MYH9,PPP2R1A,68,False,False,True
1473,HAP1_cancer,plate5,E14,SMARCA4,IDH1,183,False,True,False
1474,HAP1_cancer,plate5,E15,DACH1,NUP133,1411,True,False,True
1475,HAP1_cancer,plate5,E16,SMC1A,FLNA,281,True,True,False
1476,HAP1_cancer,plate5,E17,CTNND1,NUP93,772,True,False,True
1479,HAP1_cancer,plate5,E20,KIF1A,MSH2,276,False,False,True
1481,HAP1_cancer,plate5,E22,CUL3,SMARCA4,752,True,False,True
1482,HAP1_cancer,plate5,E23,PHF6,NUP133,605,True,False,True
1489,HAP1_cancer,plate5,F06,NUP133,EIF1AX,453,False,True,False
1490,HAP1_cancer,plate5,F08,PPP2R1A,SPTAN1,108,False,True,False
1491,HAP1_cancer,plate5,F09,PTCH1,PPP2R1A,1491,True,False,True
1492,HAP1_cancer,plate5,F10,XPO1,SPTAN1,724,True,True,False
1494,HAP1_cancer,plate5,F12,PTPRD,NUP93,708,True,False,True
1496,HAP1_cancer,plate5,F14,SF3B1,PPP2R1A,122,False,False,True
1498,HAP1_cancer,plate5,F16,MAPK1,TMSB4X,236,False,True,False
1507,HAP1_cancer,plate5,G03,SPTAN1,ATF7IP,1218,True,False,True
1508,HAP1_cancer,plate5,G04,MYH9,PPP2R1A,1020,True,False,True
1510,HAP1_cancer,plate5,G06,MAPK1,TMSB4X,790,True,True,False
1514,HAP1_cancer,plate5,G10,PPP2R1A,CUL1,367,True,True,True
1516,HAP1_cancer,plate5,G13,EIF1AX,CHD3,575,False,False,True
1518,HAP1_cancer,plate5,G15,MYH9,PPP2R1A,405,False,False,True
1520,HAP1_cancer,plate5,G17,ARID1A,DACH1,261,True,True,False
1525,HAP1_cancer,plate5,G22,SMC1A,HUWE1,101,False,True,False
1529,HAP1_cancer,plate5,H02,USP9X,MAP2K4,612,True,False,True
1530,HAP1_cancer,plate5,H03,USP9X,PPP2R1A,790,False,False,True
1532,HAP1_cancer,plate5,H05,PRKAR1A,NUP93,984,True,False,True
1533,HAP1_cancer,plate5,H06,SPTAN1,PBRM1,594,True,False,True
1534,HAP1_cancer,plate5,H07,NPM1,PPP2R1A,1366,True,False,True
1538,HAP1_cancer,plate5,H12,H3-3A,FLNA,1032,True,True,False
1540,HAP1_cancer,plate5,H14,RHOA,NUP93,437,True,False,True
1541,HAP1_cancer,plate5,H15,NUP93,RFC1,204,True,True,True
1542,HAP1_cancer,plate5,H16,SPTAN1,PPP2R1A,211,False,False,True
1544,HAP1_cancer,plate5,H18,SPTAN1,CHD4,1327,True,False,True
1545,HAP1_cancer,plate5,H20,CHD4,SPTAN1,1118,True,True,False
1549,HAP1_cancer,plate5,H24,FLNA,ARID1A,555,True,False,True
1550,HAP1_cancer,plate5,I01,FLNA,PPP2R1A,1277,False,False,True
1552,HAP1_cancer,plate5,I03,SCAF4,SMARCA4,85,False,False,True
1553,HAP1_cancer,plate5,I04,SPTAN1,MAP2K4,1404,True,False,True
1555,HAP1_cancer,plate5,I06,EZH2,HUWE1,1401,True,True,False
1560,HAP1_cancer,plate5,I11,NPM1,MAP2K4,400,True,False,True
1561,HAP1_cancer,plate5,I12,SMARCA4,PLCG1,1019,False,True,False
1562,HAP1_cancer,plate5,I13,PPP2R1A,FLNA,641,False,True,False
1564,HAP1_cancer,plate5,I15,KIF1A,PPP2R1A,1026,True,False,True
1568,HAP1_cancer,plate5,I20,STAG2,HUWE1,368,True,True,False
1569,HAP1_cancer,plate5,I22,SMARCB1,CREBBP,182,False,True,True
1572,HAP1_cancer,plate5,J01,RBM10,MSH2,651,True,False,True
1573,HAP1_cancer,plate5,J02,USP9X,AKT1,287,True,False,True
1578,HAP1_cancer,plate5,J07,PBRM1,PPP2R1A,605,True,True,True
1582,HAP1_cancer,plate5,J11,MACF1,SMARCA4,482,False,False,True
1585,HAP1_cancer,plate5,J14,MACF1,POLQ,1361,True,False,True
1587,HAP1_cancer,plate5,J16,NUP93,TMSB4X,176,False,True,False
1589,HAP1_cancer,plate5,J18,PPP2R1A,PPP6C,664,True,True,False
1591,HAP1_cancer,plate5,J20,KIF1A,MSH2,730,True,False,True
1592,HAP1_cancer,plate5,J21,PPP2R1A,NUP133,892,False,True,True
1596,HAP1_cancer,plate5,K02,CHD4,BRD4,887,False,True,False
1597,HAP1_cancer,plate5,K03,MYH9,PPP2R1A,439,False,False,True
1600,HAP1_cancer,plate5,K06,USP9X,PPP2R1A,865,True,False,True
1604,HAP1_cancer,plate5,K10,SMARCA4,BRD3,118,False,True,False
1607,HAP1_cancer,plate5,K14,SPTAN1,PPP2R1A,1410,True,False,True
1608,HAP1_cancer,plate5,K15,PPP2R1A,SPTAN1,364,True,True,False
1609,HAP1_cancer,plate5,K16,TP53,XPO1,1376,True,True,True
1615,HAP1_cancer,plate5,K22,EEF2,PPP2R1A,847,True,False,True
1616,HAP1_cancer,plate5,K23,PRKAR1A,ARID1A,408,True,False,True
1618,HAP1_cancer,plate5,L02,PPP2R1A,PPP2R1A,1019,True,True,True
1620,HAP1_cancer,plate5,L05,CHD4,KIF1A,951,True,True,False
1623,HAP1_cancer,plate5,L08,SMARCA4,PBRM1,286,True,True,True
1625,HAP1_cancer,plate5,L10,SPTAN1,NUP93,837,False,False,True
1628,HAP1_cancer,plate5,L13,XPO1,HUWE1,354,True,True,False
1632,HAP1_cancer,plate5,L17,CBFB,ATF7IP,783,True,False,True
1635,HAP1_cancer,plate5,L21,SF1,RAD21,315,True,False,True
1636,HAP1_cancer,plate5,L22,STAG2,TP53,636,True,True,True
1639,HAP1_cancer,plate5,M01,MYH9,SMARCA4,1221,True,False,True
1642,HAP1_cancer,plate5,M04,RHOA,MSH2,383,True,False,True
1644,HAP1_cancer,plate5,M06,XPO1,USP9X,261,True,True,False
1646,HAP1_cancer,plate5,M08,IDH1,AKT1,699,True,False,True
1648,HAP1_cancer,plate5,M10,CBFB,NUP93,630,True,False,True
1649,HAP1_cancer,plate5,M11,CSDE1,PBRM1,52,False,False,True
1650,HAP1_cancer,plate5,M12,SMARCA4,SF1,414,True,True,False
1654,HAP1_cancer,plate5,M17,SPTAN1,SMARCA4,330,False,False,True
1656,HAP1_cancer,plate5,M21,SMARCA4,PLCG1,1111,True,True,False
1658,HAP1_cancer,plate5,M23,SPTAN1,CHD4,690,False,False,True
1659,HAP1_cancer,plate5,M24,SMARCA4,SPTAN1,199,False,True,False
1660,HAP1_cancer,plate5,N01,CHD4,BRD4,289,False,True,False
1661,HAP1_cancer,plate5,N02,MSH6,VHL,453,True,True,False
1663,HAP1_cancer,plate5,N04,PTMA,SMARCA4,2,False,False,True
1664,HAP1_cancer,plate5,N05,DHX9,ARID1A,455,True,False,True
1665,HAP1_cancer,plate5,N06,SMARCA4,IDH2,1150,True,True,False
1668,HAP1_cancer,plate5,N09,SMARCA4,BRD3,806,True,True,False
1672,HAP1_cancer,plate5,N14,STAG2,TBL1XR1,1229,True,True,True
1676,HAP1_cancer,plate5,N18,KIF1A,PPP2R1A,884,False,False,True
1677,HAP1_cancer,plate5,N19,SMARCA4,VHL,919,True,True,False
1678,HAP1_cancer,plate5,N20,SF1,KDM6A,679,True,False,True
1682,HAP1_cancer,plate5,P02,DHX9,STAG2,616,False,False,True
1683,HAP1_cancer,plate5,P03,PPP2R1A,EEF2,78,False,True,False
1684,HAP1_cancer,plate5,P04,SMC1A,PPP2R1A,1103,True,True,True
1685,HAP1_cancer,plate5,P05,ERCC2,PPP2R1A,675,True,True,True
1686,HAP1_cancer,plate5,P06,PPP2R1A,NUP133,1103,False,True,True
1690,HAP1_cancer,plate5,P10,THRAP3,PPP2R1A,436,True,False,True
1694,HAP1_cancer,plate5,P14,SPTAN1,PPP2R1A,863,False,False,True
1696,HAP1_cancer,plate5,P16,MYH9,PPP2R1A,371,False,False,True
1697,HAP1_cancer,plate5,P17,SPTAN1,MAP2K4,645,False,False,True
1701,HAP1_cancer,plate5,P22,TP53,SMAD4,801,True,True,False
1712,HAP1_proteome,plate1,B07,TAF1,PSMC2,680,False,False,True
1725,HAP1_proteome,plate1,D21,COPS2,BTF3,13,False,True,False
1744,HAP1_proteome,plate1,G11,RB1,TRABD,669,True,True,False
1749,HAP1_proteome,plate1,G20,COPS2,RAD23B,951,False,True,True
1753,HAP1_proteome,plate1,H04,TPR,ANP32E,737,True,True,False
1777,HAP1_proteome,plate1,I15,KAT5,CDV3,617,False,True,False
1779,HAP1_proteome,plate1,I17,COPS2,WDR5,583,False,True,True
1781,HAP1_proteome,plate1,I20,KAT5,OAT,905,True,True,False
1787,HAP1_proteome,plate1,J03,ZNF148,XRCC6,429,True,False,True
1793,HAP1_proteome,plate1,J09,COPS2,RAD23B,255,False,True,True
1794,HAP1_proteome,plate1,J11,COPS2,NACA,238,True,True,False
1812,HAP1_proteome,plate1,K11,KAT5,CDV3,498,False,True,False
1823,HAP1_proteome,plate1,K22,KAT5,PSMD1,813,False,True,True
1832,HAP1_proteome,plate1,L08,RSRC2,SMARCA5,590,True,False,True
1837,HAP1_proteome,plate1,L13,COPS2,RAD23B,1116,True,True,True
1844,HAP1_proteome,plate1,L22,KAT5,CDV3,176,False,True,False
1859,HAP1_proteome,plate1,M16,KAT5,CDV3,610,False,True,False
1862,HAP1_proteome,plate1,M19,TAF1,SP1,292,True,False,True
1870,HAP1_proteome,plate1,N04,ORC6,EBNA1BP2,147,False,True,False
1878,HAP1_proteome,plate1,N12,TAF1,PPP4R2,676,False,False,True
1882,HAP1_proteome,plate1,N16,KAT5,CDV3,884,False,True,False
1885,HAP1_proteome,plate1,N19,TAF1,PSMC2,473,False,False,True
1891,HAP1_proteome,plate1,O01,COPS2,HNRNPAB,179,False,True,False
1892,HAP1_proteome,plate1,O02,KAT5,CDV3,174,False,True,False
1911,HAP1_proteome,plate1,O22,COPS2,SEPTIN2,871,False,True,False
1915,HAP1_proteome,plate1,P03,KAT5,CDV3,535,False,True,False
1917,HAP1_proteome,plate1,P05,COPS2,WDR5,740,False,True,True
1918,HAP1_proteome,plate1,P06,POGZ,CDC20,236,False,False,True
1927,HAP1_proteome,plate1,P17,COPS2,SF1,682,False,True,False
1930,HAP1_proteome,plate1,P20,COPS2,RAD23B,531,False,True,True
1941,HAP1_proteome,plate2,A20,TPR,FBL,612,True,True,False
1946,HAP1_proteome,plate2,B04,COPS2,HNRNPAB,459,False,True,False
1956,HAP1_proteome,plate2,C02,KAT5,LGALS3BP,263,False,True,False
1963,HAP1_proteome,plate2,C16,COPS2,RAD23B,662,False,True,True
1969,HAP1_proteome,plate2,D04,MNAT1,CKB,644,False,True,False
1972,HAP1_proteome,plate2,D09,COPS2,WDR5,924,False,True,True
1980,HAP1_proteome,plate2,E04,TAF1,PSMC2,754,False,False,True
1985,HAP1_proteome,plate2,E09,TAF1,PSMC2,148,False,False,True
1991,HAP1_proteome,plate2,E19,CDC5L,COPS3,913,False,False,True
1993,HAP1_proteome,plate2,E21,KAT5,NUP98,823,False,True,True
2001,HAP1_proteome,plate2,F07,MNAT1,CKB,890,False,True,False
2004,HAP1_proteome,plate2,F10,COPS2,TMX1,838,False,True,False
2016,HAP1_proteome,plate2,F24,KAT5,CDV3,1,False,True,False
2019,HAP1_proteome,plate2,G03,COPS2,TMX1,147,False,True,False
2026,HAP1_proteome,plate2,G12,SRM,RAD23B,289,False,False,True
2037,HAP1_proteome,plate2,H01,KAT5,LGALS3BP,1053,True,True,False
2039,HAP1_proteome,plate2,H05,ZNF148,XRCC6,346,False,False,True
2046,HAP1_proteome,plate2,H12,DYNC1H1,TALDO1,658,True,True,False
2049,HAP1_proteome,plate2,H15,TAF1,SP1,157,False,False,True
2057,HAP1_proteome,plate2,I04,KAT5,PSMD1,688,False,True,True
2059,HAP1_proteome,plate2,I06,KAT5,CDV3,549,False,True,False
2096,HAP1_proteome,plate2,K01,TPR,FBL,554,False,True,False
2112,HAP1_proteome,plate2,K19,COPS2,SEPTIN2,448,False,True,False
2114,HAP1_proteome,plate2,K22,TAF1,PPP4R2,761,False,False,True
2116,HAP1_proteome,plate2,K24,COPS2,RAD23B,529,False,True,True
2117,HAP1_proteome,plate2,L01,KAT5,NUP210,26,False,True,True
2120,HAP1_proteome,plate2,L06,COPS2,SEPTIN2,758,False,True,False
2121,HAP1_proteome,plate2,L08,CSNK1A1,,290,True,True,False
2122,HAP1_proteome,plate2,L09,KAT5,CDV3,652,False,True,False
2135,HAP1_proteome,plate2,M01,KAT5,NUP98,325,False,True,True
2138,HAP1_proteome,plate2,M04,KAT5,CDV3,1,False,True,False
2145,HAP1_proteome,plate2,M13,TAF1,PSMC2,739,False,False,True
2146,HAP1_proteome,plate2,M14,COPS2,WDR5,212,False,True,True
2152,HAP1_proteome,plate2,M21,COPS2,BTF3,694,False,True,False
2167,HAP1_proteome,plate2,N18,PSMC2,SCO1,2,False,True,False
2174,HAP1_proteome,plate2,O02,CHD1,MSH2,255,False,False,True
2178,HAP1_proteome,plate2,O06,ZNF148,XRCC6,78,False,False,True
2181,HAP1_proteome,plate2,O09,CDC5L,COPS3,745,False,False,True
2189,HAP1_proteome,plate2,O17,TAF1,PSMC2,611,False,False,True
2196,HAP1_proteome,plate2,P03,DCTN1,RB1,103,False,False,True
2198,HAP1_proteome,plate2,P06,KAT5,CDV3,821,False,True,False
2202,HAP1_proteome,plate2,P10,CUL4B,CHMP4B,309,True,True,False
2203,HAP1_proteome,plate2,P11,COPS2,SEPTIN2,24,False,True,False
2207,HAP1_proteome,plate2,P16,TAF1,PSMC2,455,False,False,True
2213,HAP1_proteome,plate2,P24,RFC5,RNF14,188,False,True,False
2217,HAP1_proteome,plate3,A17,SRM,RAD23B,459,True,False,True
2230,HAP1_proteome,plate3,C17,COPS2,MT1E,619,True,True,False
2237,HAP1_proteome,plate3,D07,TAF1,PSMC2,897,False,False,True
2243,HAP1_proteome,plate3,D24,COPS2,TMX1,868,True,True,False
2247,HAP1_proteome,plate3,E10,KAT5,LGALS3BP,48,False,True,False
2249,HAP1_proteome,plate3,E14,COPS2,WDR5,846,False,True,True
2270,HAP1_proteome,plate3,G09,KAT5,CDV3,554,False,True,False
2275,HAP1_proteome,plate3,H02,COPS2,RAD23B,726,False,True,True
2296,HAP1_proteome,plate3,I23,COPS2,WDR5,1,False,True,True
2297,HAP1_proteome,plate3,J02,COPS2,WDR5,968,True,True,True
2299,HAP1_proteome,plate3,J04,COPS2,HNRNPAB,999,False,True,False
2303,HAP1_proteome,plate3,J09,KAT5,CDV3,554,False,True,False
2317,HAP1_proteome,plate3,J24,ORC6,ZC3H18,465,True,True,False
2323,HAP1_proteome,plate3,K07,COPS2,RAD23B,2,False,True,True
2336,HAP1_proteome,plate3,L02,COPS2,WDR5,808,False,True,True
2340,HAP1_proteome,plate3,L08,KAT5,CDV3,1,False,True,False
2345,HAP1_proteome,plate3,L15,COPS2,WDR5,237,False,True,True
2362,HAP1_proteome,plate3,M13,RAD18,SRSF10,12,False,True,False
2364,HAP1_proteome,plate3,M16,KAT5,CDV3,699,False,True,False
2377,HAP1_proteome,plate3,N08,TAF1,PSMC2,302,False,False,True
2389,HAP1_proteome,plate3,N22,KAT5,CDV3,502,False,True,False
2395,HAP1_proteome,plate3,O05,COPS2,BTF3,468,False,True,False
2400,HAP1_proteome,plate3,O11,ORC6,EBNA1BP2,116,False,True,False
2410,HAP1_proteome,plate3,O21,KAT5,CDV3,387,False,True,False
2414,HAP1_proteome,plate3,P01,KAT5,CDV3,16,False,True,False
2415,HAP1_proteome,plate3,P02,TAF1,PSMC2,509,False,False,True
2424,HAP1_proteome,plate3,P11,NDC1,MAT2A,747,True,True,False
2425,HAP1_proteome,plate3,P12,CDC5L,COPS3,916,False,False,True
2428,HAP1_proteome,plate3,P15,COPS2,BTF3,701,False,True,False
2449,HAP1_proteome,plate4,A18,COPS2,RAD23B,699,False,True,True
2455,HAP1_proteome,plate4,B01,EP300,NUP50,757,True,True,True
2471,HAP1_proteome,plate4,B21,KAT5,CDV3,779,False,True,False
2476,HAP1_proteome,plate4,C05,KAT5,NUP98,877,True,True,True
2478,HAP1_proteome,plate4,C07,COPS2,BTF3,1073,True,True,False
2496,HAP1_proteome,plate4,D05,PSMC2,SCO1,402,True,True,False
2499,HAP1_proteome,plate4,D09,COPS2,BTF3,850,False,True,False
2502,HAP1_proteome,plate4,D14,TMEM94,PSMD11,661,True,False,True
2527,HAP1_proteome,plate4,E21,KAT5,CDV3,521,False,True,False
2532,HAP1_proteome,plate4,F02,KAT5,LGALS3BP,347,False,True,False
2534,HAP1_proteome,plate4,F06,COPS2,BTF3,622,False,True,False
2554,HAP1_proteome,plate4,G03,KAT5,CDV3,493,False,True,False
2565,HAP1_proteome,plate4,G14,KAT5,NUP98,582,False,True,True
2570,HAP1_proteome,plate4,G19,COPS2,SEPTIN2,966,True,True,False
2577,HAP1_proteome,plate4,H05,NFKBID,ADRM1,116,False,False,True
2584,HAP1_proteome,plate4,H13,COPS2,TMX1,115,False,True,False
2606,HAP1_proteome,plate4,I15,KAT5,CDV3,373,False,True,False
2615,HAP1_proteome,plate4,J02,KAT5,CDV3,854,False,True,False
2621,HAP1_proteome,plate4,J09,COPS2,RAD23B,1051,False,True,True
2624,HAP1_proteome,plate4,J12,KAT5,CDV3,615,False,True,False
2626,HAP1_proteome,plate4,J16,COPS2,RAD23B,277,False,True,True
2628,HAP1_proteome,plate4,J18,KAT5,CDV3,622,False,True,False
2631,HAP1_proteome,plate4,J21,COPS2,LSM14B,507,True,True,False
2632,HAP1_proteome,plate4,J22,KAT5,CDV3,84,False,True,False
2643,HAP1_proteome,plate4,K09,CDC5L,COPS3,948,False,False,True
2648,HAP1_proteome,plate4,K14,KAT5,PSMD1,69,False,True,True
2651,HAP1_proteome,plate4,K17,NUP107,SF1,426,True,True,False
2653,HAP1_proteome,plate4,K20,CDC5L,COPS3,634,False,False,True
2659,HAP1_proteome,plate4,L02,COPS2,BTF3,801,False,True,False
2660,HAP1_proteome,plate4,L03,COPS2,RAD23B,414,False,True,True
2673,HAP1_proteome,plate4,L16,KAT5,CDV3,145,False,True,False
2677,HAP1_proteome,plate4,L20,KAT5,CDV3,497,False,True,False
2689,HAP1_proteome,plate4,M14,NFKBID,ADRM1,17,False,False,True
2690,HAP1_proteome,plate4,M15,COPS2,HNRNPAB,114,False,True,False
2694,HAP1_proteome,plate4,M19,KAT5,CDV3,99,False,True,False
2696,HAP1_proteome,plate4,M21,COPS2,WDR5,385,False,True,True
2699,HAP1_proteome,plate4,N01,MNAT1,CKB,918,True,True,False
2714,HAP1_proteome,plate4,N18,KAT5,SNRPD3,469,False,True,False
2719,HAP1_proteome,plate4,N24,TAF1,PPP4R2,713,False,False,True
2725,HAP1_proteome,plate4,O07,E2F3,THYN1,839,True,True,False
2727,HAP1_proteome,plate4,O09,COPS2,HNRNPAB,672,False,True,False
2729,HAP1_proteome,plate4,O11,COPS2,BTF3,232,False,True,False
2737,HAP1_proteome,plate4,O20,E2F3,THYN1,76,False,True,False
2740,HAP1_proteome,plate4,O24,KAT5,CDV3,203,False,True,False
2742,HAP1_proteome,plate4,P02,MYEF2,MORF4L1,340,True,False,True
2748,HAP1_proteome,plate4,P09,COPS2,WDR5,919,False,True,True
2755,HAP1_proteome,plate4,P16,COPS2,WDR5,711,False,True,True
2758,HAP1_proteome,plate4,P19,COPS2,MT1E,476,False,True,False
2776,HAP1_proteome,plate5,D07,COPS2,WDR5,576,False,True,True
2778,HAP1_proteome,plate5,D13,KAT5,CDV3,828,False,True,False
2785,HAP1_proteome,plate5,D21,SPATS2,HAT1,443,True,False,True
2801,HAP1_proteome,plate5,E21,KAT5,CDV3,503,False,True,False
2807,HAP1_proteome,plate5,F11,COPS2,WDR5,43,False,True,True
2809,HAP1_proteome,plate5,F13,TPR,FBL,517,False,True,False
2810,HAP1_proteome,plate5,F14,KAT5,CDV3,471,False,True,False
2811,HAP1_proteome,plate5,F16,KAT5,CDV3,685,False,True,False
2824,HAP1_proteome,plate5,G07,NUP107,CAPZA2,379,False,True,False
2830,HAP1_proteome,plate5,G13,KAT5,CDV3,533,False,True,False
2835,HAP1_proteome,plate5,G18,CHD1,MSH2,84,False,False,True
2838,HAP1_proteome,plate5,G21,NUP107,CAPZA2,638,True,True,False
2844,HAP1_proteome,plate5,H07,COPS2,HNRNPAB,27,False,True,False
2858,HAP1_proteome,plate5,H24,COPS2,WDR5,157,False,True,True
2859,HAP1_proteome,plate5,I01,RB1,TRABD,205,False,True,False
2865,HAP1_proteome,plate5,I07,KAT5,LGALS3BP,52,False,True,False
2872,HAP1_proteome,plate5,I16,TAF1,PSMC2,871,False,False,True
2875,HAP1_proteome,plate5,I19,COPS2,WDR5,859,False,True,True
2877,HAP1_proteome,plate5,I21,KAT5,LGALS3BP,23,False,True,False
2879,HAP1_proteome,plate5,I23,POGZ,CDC20,521,True,False,True
2884,HAP1_proteome,plate5,J05,COPS2,BTF3,858,False,True,False
2889,HAP1_proteome,plate5,J10,SMC4,SP1,467,True,False,True
2896,HAP1_proteome,plate5,J17,COPS2,RAD23B,821,False,True,True
2907,HAP1_proteome,plate5,K05,TAF1,PSMC2,919,True,False,True
2909,HAP1_proteome,plate5,K07,COPS2,SEPTIN2,658,False,True,False
2919,HAP1_proteome,plate5,K18,COPS2,HNRNPAB,896,False,True,False
2930,HAP1_proteome,plate5,L05,COPS2,RAD23B,521,False,True,True
2935,HAP1_proteome,plate5,L11,COPS2,HNRNPAB,846,False,True,False
2936,HAP1_proteome,plate5,L13,TPR,FBL,557,False,True,False
2941,HAP1_proteome,plate5,L18,CDC5L,COPS3,594,False,False,True
2942,HAP1_proteome,plate5,L19,COPS2,SEPTIN2,287,False,True,False
2945,HAP1_proteome,plate5,L22,E2F3,THYN1,171,False,True,False
2948,HAP1_proteome,plate5,M01,COPS2,SF1,920,True,True,False
2963,HAP1_proteome,plate5,M16,KAT5,CDV3,695,False,True,False
2965,HAP1_proteome,plate5,M18,COPS2,BTF3,53,False,True,False
2966,HAP1_proteome,plate5,M19,TAF1,PSMC2,297,False,False,True
2976,HAP1_proteome,plate5,N06,KAT5,PSMD1,580,False,True,True
2978,HAP1_proteome,plate5,N08,ORC6,ZC3H18,7,False,True,False
2985,HAP1_proteome,plate5,N16,KAT5,CDV3,232,False,True,False
2988,HAP1_proteome,plate5,N19,KAT5,CDV3,489,False,True,False
2995,HAP1_proteome,plate5,O04,CLSPN,HNRNPH3,206,True,True,False
2996,HAP1_proteome,plate5,O05,KAT5,OAT,750,False,True,False
3001,HAP1_proteome,plate5,O10,COPS2,RAD23B,976,False,True,True
3005,HAP1_proteome,plate5,O14,KAT5,CDV3,714,False,True,False
3006,HAP1_proteome,plate5,O15,KAT5,CDV3,237,False,True,False
3012,HAP1_proteome,plate5,O22,TAF1,PSMC2,509,False,False,True
3023,HAP1_proteome,plate5,P11,XRCC6,RPS23,43,False,True,False
3027,HAP1_proteome,plate5,P15,KAT5,CDV3,261,False,True,False
3028,HAP1_proteome,plate5,P16,KAT5,NUP98,824,False,True,True
3032,HAP1_proteome,plate5,P20,KAT5,NUP210,536,True,True,True
3042,HAP1_proteome,plate6,A19,CHD1,MSH2,339,True,False,True
3048,HAP1_proteome,plate6,B16,TPR,FBL,235,False,True,False
3066,HAP1_proteome,plate6,D08,MYEF2,MORF4L1,81,False,False,True
3070,HAP1_proteome,plate6,E01,NUP107,HDLBP,4,False,True,False
3071,HAP1_proteome,plate6,E03,TAF1,PPP4R2,807,True,False,True
3072,HAP1_proteome,plate6,E04,COPS2,RAD23B,43,False,True,True
3090,HAP1_proteome,plate6,F05,COPS2,WDR5,832,False,True,True
3098,HAP1_proteome,plate6,F14,COPS2,RAD23B,1059,False,True,True
3099,HAP1_proteome,plate6,F16,CDC5L,COPS3,1015,True,False,True
3102,HAP1_proteome,plate6,F20,COPS2,RAD23B,5,False,True,True
3107,HAP1_proteome,plate6,G05,SRM,RAD23B,306,False,False,True
3109,HAP1_proteome,plate6,G07,COPS2,HNRNPAB,1051,True,True,False
3116,HAP1_proteome,plate6,G16,KAT5,CDV3,485,False,True,False
3126,HAP1_proteome,plate6,H09,COPS2,RAD23B,346,False,True,True
3128,HAP1_proteome,plate6,H11,TAF1,PPP4R2,330,False,False,True
3131,HAP1_proteome,plate6,H14,KAT5,CDV3,758,False,True,False
3132,HAP1_proteome,plate6,H17,CDC5L,COPS3,111,False,False,True
3138,HAP1_proteome,plate6,I02,KAT5,CDV3,362,False,True,False
3139,HAP1_proteome,plate6,I03,KAT5,PSMD1,814,True,True,True
3155,HAP1_proteome,plate6,I21,KAT5,CDV3,908,True,True,False
3160,HAP1_proteome,plate6,J05,KAT5,NUP98,78,False,True,True
3163,HAP1_proteome,plate6,J08,KAT5,CDV3,209,False,True,False
3164,HAP1_proteome,plate6,J09,COPS2,RAD23B,333,False,True,True
3166,HAP1_proteome,plate6,J11,KAT5,NUP210,406,False,True,True
3169,HAP1_proteome,plate6,J14,KAT5,CDV3,382,False,True,False
3187,HAP1_proteome,plate6,K09,CDC5L,COPS3,708,False,False,True
3188,HAP1_proteome,plate6,K10,NFKBID,ADRM1,363,True,False,True
3192,HAP1_proteome,plate6,K15,COPS2,RAD23B,807,False,True,True
3200,HAP1_proteome,plate6,L01,KAT5,CDV3,14,False,True,False
3206,HAP1_proteome,plate6,L08,TAF1,PPP4R2,691,False,False,True
3211,HAP1_proteome,plate6,L14,MNAT1,CKB,645,False,True,False
3212,HAP1_proteome,plate6,L15,MTA2,EIF4A1,277,True,True,False
3213,HAP1_proteome,plate6,L16,KAT2A,GGH,31,False,True,False
3215,HAP1_proteome,plate6,L18,TAF1,PPP4R2,289,False,False,True
3222,HAP1_proteome,plate6,M01,COPS2,BTF3,962,False,True,False
3223,HAP1_proteome,plate6,M02,COPS2,RAD23B,197,False,True,True
3227,HAP1_proteome,plate6,M06,KAT5,SNRPD3,688,True,True,False
3228,HAP1_proteome,plate6,M07,KAT2A,GGH,81,False,True,False
3230,HAP1_proteome,plate6,M09,KAT5,CDV3,167,False,True,False
3243,HAP1_proteome,plate6,N02,MYEF2,MORF4L1,4,False,False,True
3246,HAP1_proteome,plate6,N05,TAF1,PSMC2,847,False,False,True
3257,HAP1_proteome,plate6,N18,KAT5,CDV3,673,False,True,False
3276,HAP1_proteome,plate6,O17,KAT5,CDV3,336,False,True,False
3281,HAP1_proteome,plate6,O22,KAT2A,GGH,698,True,True,False
3282,HAP1_proteome,plate6,O23,EIF5,TCEA1,138,False,False,True
3288,HAP1_proteome,plate6,P05,COPS2,HNRNPAB,329,False,True,False
3295,HAP1_proteome,plate6,P13,RFC5,RNF14,447,True,True,False
3296,HAP1_proteome,plate6,P15,TPR,ANP32E,320,False,True,False
3300,HAP1_proteome,plate6,P19,CDC5L,COPS3,476,False,False,True
3305,HEK_proteome,plate1,A02,CSNK2A1,PSMD3,68,False,False,True
3310,HEK_proteome,plate1,A08,LSM3,RELA,62,False,False,True
3340,HEK_proteome,plate1,B19,TNPO3,PPP1CC,313,False,False,True
3365,HEK_proteome,plate1,C22,NUP58,SPRYD7,668,True,True,False
3382,HEK_proteome,plate1,D19,ENY2,RRP12,741,True,True,False
3409,HEK_proteome,plate1,E24,G3BP1,PSMC1,963,False,False,True
3412,HEK_proteome,plate1,F03,G3BP1,PSMC1,56,False,False,True
3421,HEK_proteome,plate1,F13,,ING3,328,True,False,True
3426,HEK_proteome,plate1,F18,RCHY1,ATP5F1A,804,True,True,False
3442,HEK_proteome,plate1,G18,HDHD5,MCM6,264,True,False,True
3446,HEK_proteome,plate1,G22,ELAC2,NUP58,117,False,False,True
3458,HEK_proteome,plate1,H11,G3BP1,PSMC1,449,False,False,True
3467,HEK_proteome,plate1,H20,EIF2B4,PPP2R1A,615,True,False,True
3497,HEK_proteome,plate1,J07,USP22,AP3D1,39,False,True,False
3503,HEK_proteome,plate1,J14,IGF2BP1,POLD3,320,True,False,True
3509,HEK_proteome,plate1,J22,PSMD11,EIF5,4,False,True,False
3527,HEK_proteome,plate1,K17,SEPTIN2,MCM10,326,True,False,True
3532,HEK_proteome,plate1,K22,G3BP1,PSMC1,108,False,False,True
3542,HEK_proteome,plate1,L08,PSMD3,AARS1,2,False,True,False
3553,HEK_proteome,plate1,L22,SEC23IP,HDAC1,323,True,False,True
3557,HEK_proteome,plate1,M04,PPP3R1,MAPRE1,293,True,False,True
3565,HEK_proteome,plate1,M13,NECAP1,HAT1,409,True,False,True
3571,HEK_proteome,plate1,M20,PRMT5,LYAR,262,True,True,False
3597,HEK_proteome,plate1,N24,SUGP2,INO80B,311,True,False,True
3598,HEK_proteome,plate1,O03,SNW1,NUP50,87,False,False,True
3601,HEK_proteome,plate1,O08,RPA1,HOXB6,13,False,True,False
3609,HEK_proteome,plate1,O17,TNPO3,PPP1CC,145,False,False,True
3614,HEK_proteome,plate1,O22,PSMC2,ZNF428,536,False,True,False
3617,HEK_proteome,plate1,P01,GRSF1,SMARCA5,12,False,False,True
3622,HEK_proteome,plate1,P07,RCHY1,ATP5F1A,85,False,True,False
3635,HEK_proteome,plate1,P21,ATAD3B,PSMD6,613,True,False,True
3652,HEK_proteome,plate2,A17,KNTC1,CTBP1,341,True,True,False
3657,HEK_proteome,plate2,A22,PSMC2,ZNF428,683,False,True,False
3662,HEK_proteome,plate2,B05,ANXA2,MRGBP,56,False,False,True
3678,HEK_proteome,plate2,B23,RCHY1,ATP5F1A,4,False,True,False
3679,HEK_proteome,plate2,C01,PSMD3,AARS1,3,False,True,False
3706,HEK_proteome,plate2,D08,TNPO3,PPP1CC,114,False,False,True
3716,HEK_proteome,plate2,D21,SEC23IP,HDAC1,25,False,False,True
3730,HEK_proteome,plate2,E11,,ING3,5,False,False,True
3747,HEK_proteome,plate2,F04,USP22,TIMM50,1,False,True,False
3757,HEK_proteome,plate2,F16,MTA2,ADRM1,56,False,True,True
3770,HEK_proteome,plate2,G09,PSMD14,ARHGDIA,275,True,True,False
3773,HEK_proteome,plate2,G12,OTUD5,CENPX,564,True,False,True
3790,HEK_proteome,plate2,H07,ANXA11,SMARCC1,47,False,False,True
3812,HEK_proteome,plate2,I08,PSMC2,ZNF428,525,False,True,False
3813,HEK_proteome,plate2,I09,NUP85,NCBP1,30,False,True,False
3823,HEK_proteome,plate2,I20,G3BP1,NUP42,891,True,False,True
3825,HEK_proteome,plate2,I22,USP22,TIMM50,36,False,True,False
3826,HEK_proteome,plate2,I23,XRCC6,LTA4H,1,False,True,False
3827,HEK_proteome,plate2,J01,C1QBP,PSMD6,2,False,False,True
3828,HEK_proteome,plate2,J02,UQCRC2,YY1,627,True,False,True
3834,HEK_proteome,plate2,J10,RAB5IF,ERCC3,181,False,False,True
3848,HEK_proteome,plate2,K05,PSMC2,ZNF428,833,True,True,False
3855,HEK_proteome,plate2,K14,SEC23IP,HDAC1,4,False,False,True
3859,HEK_proteome,plate2,K20,TNPO3,PPP1CC,465,True,False,True
3867,HEK_proteome,plate2,L05,DDX3X,NUP155,444,True,False,True
3874,HEK_proteome,plate2,L14,G3BP1,PSMC1,840,False,False,True
3883,HEK_proteome,plate2,L24,PSMD11,EIF5,453,False,True,False
3886,HEK_proteome,plate2,M04,PRKDC,PRDX3,12,False,True,False
3903,HEK_proteome,plate2,M22,PSMD3,DAZAP2,115,False,True,False
3909,HEK_proteome,plate2,N04,G3BP1,PSMC1,19,False,False,True
3913,HEK_proteome,plate2,N08,USP22,TIMM50,268,True,True,False
3915,HEK_proteome,plate2,N10,TPR,DDX18,48,False,True,False
3922,HEK_proteome,plate2,N18,NUP155,NOSIP,1,False,True,False
3927,HEK_proteome,plate2,O01,MED21,CSNK1A1,464,True,False,True
3949,HEK_proteome,plate2,P10,PSMD3,AARS1,683,False,True,False
3951,HEK_proteome,plate2,P14,PSMD11,EIF5,1189,True,True,False
3959,HEK_proteome,plate4,A02,USP22,RPN2,84,False,True,False
3961,HEK_proteome,plate4,A04,CDC73,RBBP7,28,False,False,True
3975,HEK_proteome,plate4,A18,RCHY1,GABPB1,46,False,True,False
3986,HEK_proteome,plate4,B11,CDC73,RBBP7,174,False,False,True
3993,HEK_proteome,plate4,B18,G3BP1,PSMC1,523,False,False,True
3995,HEK_proteome,plate4,B21,NDUFAB1,PSMB7,31,False,False,True
3999,HEK_proteome,plate4,C01,G3BP1,PSMC1,380,False,False,True
4006,HEK_proteome,plate4,C09,YWHAG,ACO2,904,True,True,False
4009,HEK_proteome,plate4,C12,COX7C,RAD23B,512,True,False,True
4022,HEK_proteome,plate4,D03,MSH6,NIPSNAP2,341,True,True,False
4023,HEK_proteome,plate4,D05,PSMD3,AARS1,156,False,True,False
4035,HEK_proteome,plate4,D21,ENY2,RRP12,573,False,True,False
4048,HEK_proteome,plate4,E11,RCHY1,ATP5F1A,46,False,True,False
4088,HEK_proteome,plate4,G12,PSMD3,AARS1,29,False,True,False
4091,HEK_proteome,plate4,G15,RCHY1,LLPH,1,False,True,False
4111,HEK_proteome,plate4,H15,KNTC1,TXLNA,5,False,True,False
4117,HEK_proteome,plate4,H22,PSMD3,AARS1,139,False,True,False
4126,HEK_proteome,plate4,I10,PSMC2,ZNF428,790,False,True,False
4127,HEK_proteome,plate4,I11,PSMD3,AARS1,301,False,True,False
4138,HEK_proteome,plate4,I23,KNTC1,CTBP1,48,False,True,False
4143,HEK_proteome,plate4,J06,TNPO3,PPP1CC,177,False,False,True
4157,HEK_proteome,plate4,J20,GFER,MEAF6,212,True,False,True
4165,HEK_proteome,plate4,K05,G3BP1,PSMC1,831,False,False,True
4174,HEK_proteome,plate4,K15,PSMD3,AARS1,241,False,True,False
4190,HEK_proteome,plate4,L09,PSMC2,ZNF428,133,False,True,False
4211,HEK_proteome,plate4,M09,PSMD13,PPP2R1A,14,False,True,True
4213,HEK_proteome,plate4,M11,PSMD3,AARS1,765,True,True,False
4214,HEK_proteome,plate4,M12,USP22,TIMM50,77,False,True,False
4227,HEK_proteome,plate4,N03,PSMD3,AARS1,520,False,True,False
4252,HEK_proteome,plate4,O06,RCHY1,ATP5F1A,212,False,True,False
4258,HEK_proteome,plate4,O12,MED21,CSNK1A1,1,False,False,True
4269,HEK_proteome,plate4,P03,PSMD3,AARS1,383,False,True,False
4272,HEK_proteome,plate4,P06,PSMD11,EIF5,60,False,True,False
4274,HEK_proteome,plate4,P08,TNPO3,PPP1CC,375,False,False,True
4279,HEK_proteome,plate4,P13,TPR,CSDE1,125,False,True,False
4283,HEK_proteome,plate4,P17,PSMD3,SEC23IP,7,False,True,False
4286,HEK_proteome,plate4,P20,PSMD3,AARS1,130,False,True,False
4297,HEK_proteome,plate5,A19,,ING3,204,False,False,True
4336,HEK_proteome,plate5,D01,RAB21,POLR2D,118,False,False,True
4351,HEK_proteome,plate5,D19,GRSF1,SMARCA5,438,False,False,True
4363,HEK_proteome,plate5,E16,YIPF3,LIG3,58,False,False,True
4364,HEK_proteome,plate5,E17,YIPF3,LIG3,52,False,False,True
4367,HEK_proteome,plate5,E20,CUL1,CHORDC1,547,True,True,False
4368,HEK_proteome,plate5,E21,PSMD11,EIF5,60,False,True,False
4393,HEK_proteome,plate5,G08,PSMD13,PPP2R1A,160,False,True,True
4396,HEK_proteome,plate5,G11,OTUD5,CENPX,164,False,False,True
4402,HEK_proteome,plate5,G17,ENY2,RRP12,727,False,True,False
4404,HEK_proteome,plate5,G19,NUP58,SPRYD7,113,False,True,False
4419,HEK_proteome,plate5,H12,DDX27,RBBP7,504,True,False,True
4435,HEK_proteome,plate5,I14,MED21,CSNK1A1,227,False,False,True
4440,HEK_proteome,plate5,I19,USP22,NCBP3,1,False,True,False
4449,HEK_proteome,plate5,J04,RAB5IF,ERCC3,167,False,False,True
4451,HEK_proteome,plate5,J06,PSMD11,EIF5,728,False,True,False
4470,HEK_proteome,plate5,K08,TNPO3,PPP1CC,80,False,False,True
4485,HEK_proteome,plate5,L01,G3BP1,PSMC1,601,False,False,True
4499,HEK_proteome,plate5,L17,RCHY1,ATP5F1A,287,False,True,False
4506,HEK_proteome,plate5,M07,PSMD11,EIF5,840,False,True,False
4511,HEK_proteome,plate5,M13,RCHY1,ATP5F1A,222,False,True,False
4514,HEK_proteome,plate5,M16,PSMD3,AARS1,130,False,True,False
4517,HEK_proteome,plate5,M19,,ARID1A,68,False,False,True
4531,HEK_proteome,plate5,N10,CLPX,PSMD11,339,True,False,True
4538,HEK_proteome,plate5,N19,G3BP1,PSMC1,825,False,False,True
4541,HEK_proteome,plate5,N23,GRSF1,SMARCA5,452,True,False,True
4568,HEK_proteome,plate5,P13,PSMC2,ZNF428,620,False,True,False
4576,HEK_proteome,plate5,P23,G3BP1,PSMC1,1096,True,False,True
